[{"model": "costos.costomanoobra", "fields": {"periodo": 2, "monto": 180338.44, "obra": 5}, "pk": 1}, {"model": "costos.costomanoobra", "fields": {"periodo": 2, "monto": 966315.28, "obra": 10}, "pk": 2}, {"model": "costos.costomanoobra", "fields": {"periodo": 2, "monto": 1192890.36, "obra": 9}, "pk": 3}, {"model": "costos.costomanoobra", "fields": {"periodo": 2, "monto": 187497.59, "obra": 7}, "pk": 4}, {"model": "costos.costomanoobra", "fields": {"periodo": 2, "monto": 939288.04, "obra": 8}, "pk": 5}, {"model": "costos.costomanoobra", "fields": {"periodo": 2, "monto": 685688.28, "obra": 57}, "pk": 6}, {"model": "costos.costomanoobra", "fields": {"periodo": 2, "monto": 44235.21, "obra": 50}, "pk": 7}, {"model": "costos.costomanoobra", "fields": {"periodo": 2, "monto": 19493.31, "obra": 44}, "pk": 8}, {"model": "costos.costomanoobra", "fields": {"periodo": 2, "monto": 68184.61, "obra": 17}, "pk": 9}, {"model": "costos.costomanoobra", "fields": {"periodo": 3, "monto": 214041.87, "obra": 5}, "pk": 10}, {"model": "costos.costomanoobra", "fields": {"periodo": 1, "monto": 1021802.50626219, "obra": 10}, "pk": 11}, {"model": "costos.costomanoobra", "fields": {"periodo": 1, "monto": 1261387.85629469, "obra": 9}, "pk": 12}, {"model": "costos.costomanoobra", "fields": {"periodo": 1, "monto": 198263.973824485, "obra": 7}, "pk": 13}, {"model": "costos.costomanoobra", "fields": {"periodo": 1, "monto": 993223.322903575, "obra": 8}, "pk": 14}, {"model": "costos.costomanoobra", "fields": {"periodo": 1, "monto": 725061.496511376, "obra": 57}, "pk": 15}, {"model": "costos.costomanoobra", "fields": {"periodo": 1, "monto": 46775.2599783315, "obra": 50}, "pk": 16}, {"model": "costos.costomanoobra", "fields": {"periodo": 1, "monto": 20612.6441603467, "obra": 44}, "pk": 17}, {"model": "costos.costomanoobra", "fields": {"periodo": 3, "monto": 947651.21, "obra": 10}, "pk": 19}, {"model": "costos.costomanoobra", "fields": {"periodo": 3, "monto": 1265360.11, "obra": 9}, "pk": 20}, {"model": "costos.costomanoobra", "fields": {"periodo": 3, "monto": 420570.03, "obra": 57}, "pk": 21}, {"model": "costos.costomanoobra", "fields": {"periodo": 3, "monto": 228552.79, "obra": 65}, "pk": 22}, {"model": "costos.costomanoobra", "fields": {"periodo": 3, "monto": 61033.66, "obra": 70}, "pk": 23}, {"model": "costos.costomanoobra", "fields": {"periodo": 3, "monto": 842103.79, "obra": 8}, "pk": 24}, {"model": "costos.costosubcontrato", "fields": {"periodo": 2, "descripcion": "Motoniveladora (Sullair) y Cami\u00f3n + TK Regador  (Ulloa)", "monto": 182098.6, "obra": 10}, "pk": 1}, {"model": "costos.costosubcontrato", "fields": {"periodo": 2, "descripcion": "Cami\u00f3n + TK Regador  (TOBIO HEBER)", "monto": 64096.0, "obra": 7}, "pk": 2}, {"model": "costos.costosubcontrato", "fields": {"periodo": 2, "descripcion": "Cami\u00f3n varios y trailer", "monto": 103424.0, "obra": 8}, "pk": 3}, {"model": "costos.costosubcontrato", "fields": {"periodo": 2, "descripcion": "", "monto": 231027.0, "obra": 9}, "pk": 4}, {"model": "costos.costosubcontrato", "fields": {"periodo": 2, "descripcion": "", "monto": 86035.0, "obra": 57}, "pk": 5}, {"model": "costos.costosubcontrato", "fields": {"periodo": 1, "descripcion": "Motoniveladora (Sullair) y Cami\u00f3n + TK Regador  (Ulloa)", "monto": 192554.965980498, "obra": 10}, "pk": 6}, {"model": "costos.costosubcontrato", "fields": {"periodo": 1, "descripcion": "Cami\u00f3n + TK Regador  (TOBIO HEBER)", "monto": 67776.4853737811, "obra": 7}, "pk": 7}, {"model": "costos.costosubcontrato", "fields": {"periodo": 1, "descripcion": "Cami\u00f3n varios y trailer", "monto": 109362.756229686, "obra": 8}, "pk": 8}, {"model": "costos.costosubcontrato", "fields": {"periodo": 1, "descripcion": "", "monto": 244292.905742145, "obra": 9}, "pk": 9}, {"model": "costos.costosubcontrato", "fields": {"periodo": 1, "descripcion": "", "monto": 90975.2546045504, "obra": 57}, "pk": 10}, {"model": "costos.costosubcontrato", "fields": {"periodo": 3, "descripcion": "Sullair-Ulloa-Satum", "monto": 380591.1, "obra": 10}, "pk": 12}, {"model": "costos.costosubcontrato", "fields": {"periodo": 3, "descripcion": "Tobio-Videla-Rodriguez", "monto": 865515.14, "obra": 8}, "pk": 13}, {"model": "costos.costosubcontrato", "fields": {"periodo": 3, "descripcion": "Cerna-Azor-Alfa", "monto": 445793.6, "obra": 9}, "pk": 14}, {"model": "costos.costosubcontrato", "fields": {"periodo": 3, "descripcion": "Cerna", "monto": 86035.0, "obra": 57}, "pk": 15}, {"model": "costos.lubricantefluidoshidro", "fields": {"periodo": 2, "monto_mes": 14830.55, "monto_hora": 123.59, "familia_equipo": 2}, "pk": 1}, {"model": "costos.lubricantefluidoshidro", "fields": {"periodo": 2, "monto_mes": 10388.12, "monto_hora": 86.57, "familia_equipo": 137}, "pk": 2}, {"model": "costos.lubricantefluidoshidro", "fields": {"periodo": 2, "monto_mes": 7153.84, "monto_hora": 59.62, "familia_equipo": 23}, "pk": 3}, {"model": "costos.lubricantefluidoshidro", "fields": {"periodo": 2, "monto_mes": 8094.17, "monto_hora": 67.45, "familia_equipo": 134}, "pk": 4}, {"model": "costos.lubricantefluidoshidro", "fields": {"periodo": 2, "monto_mes": 7898.01, "monto_hora": 65.82, "familia_equipo": 9}, "pk": 5}, {"model": "costos.lubricantefluidoshidro", "fields": {"periodo": 2, "monto_mes": 5081.59, "monto_hora": 42.35, "familia_equipo": 135}, "pk": 6}, {"model": "costos.lubricantefluidoshidro", "fields": {"periodo": 2, "monto_mes": 18614.4, "monto_hora": 155.12, "familia_equipo": 25}, "pk": 7}, {"model": "costos.lubricantefluidoshidro", "fields": {"periodo": 2, "monto_mes": 3371.79, "monto_hora": 28.1, "familia_equipo": 129}, "pk": 8}, {"model": "costos.lubricantefluidoshidro", "fields": {"periodo": 2, "monto_mes": 1566.91, "monto_hora": 13.06, "familia_equipo": 130}, "pk": 9}, {"model": "costos.lubricantefluidoshidro", "fields": {"periodo": 2, "monto_mes": 907.56, "monto_hora": 7.56, "familia_equipo": 54}, "pk": 10}, {"model": "costos.lubricantefluidoshidro", "fields": {"periodo": 2, "monto_mes": 416.41, "monto_hora": 3.47, "familia_equipo": 132}, "pk": 11}, {"model": "costos.lubricantefluidoshidro", "fields": {"periodo": 2, "monto_mes": 416.41, "monto_hora": 3.47, "familia_equipo": 136}, "pk": 12}, {"model": "costos.lubricantefluidoshidro", "fields": {"periodo": 2, "monto_mes": 427.88, "monto_hora": 3.57, "familia_equipo": 32}, "pk": 13}, {"model": "costos.lubricantefluidoshidro", "fields": {"periodo": 1, "monto_mes": 15682.1417118093, "monto_hora": 123.59, "familia_equipo": 2}, "pk": 14}, {"model": "costos.lubricantefluidoshidro", "fields": {"periodo": 1, "monto_mes": 10984.6209317443, "monto_hora": 86.57, "familia_equipo": 137}, "pk": 15}, {"model": "costos.lubricantefluidoshidro", "fields": {"periodo": 1, "monto_mes": 7564.62387865655, "monto_hora": 59.62, "familia_equipo": 23}, "pk": 16}, {"model": "costos.lubricantefluidoshidro", "fields": {"periodo": 1, "monto_mes": 8558.94899241603, "monto_hora": 67.45, "familia_equipo": 134}, "pk": 17}, {"model": "costos.lubricantefluidoshidro", "fields": {"periodo": 1, "monto_mes": 8351.52520043337, "monto_hora": 65.82, "familia_equipo": 9}, "pk": 18}, {"model": "costos.lubricantefluidoshidro", "fields": {"periodo": 1, "monto_mes": 5373.3822751896, "monto_hora": 42.35, "familia_equipo": 135}, "pk": 19}, {"model": "costos.lubricantefluidoshidro", "fields": {"periodo": 1, "monto_mes": 19683.265872156, "monto_hora": 155.12, "familia_equipo": 25}, "pk": 20}, {"model": "costos.lubricantefluidoshidro", "fields": {"periodo": 1, "monto_mes": 3565.40307692308, "monto_hora": 28.1, "familia_equipo": 129}, "pk": 21}, {"model": "costos.lubricantefluidoshidro", "fields": {"periodo": 1, "monto_mes": 1656.88424702059, "monto_hora": 13.06, "familia_equipo": 130}, "pk": 22}, {"model": "costos.lubricantefluidoshidro", "fields": {"periodo": 1, "monto_mes": 959.673412784399, "monto_hora": 7.56, "familia_equipo": 54}, "pk": 23}, {"model": "costos.lubricantefluidoshidro", "fields": {"periodo": 1, "monto_mes": 440.320866738895, "monto_hora": 3.47, "familia_equipo": 132}, "pk": 24}, {"model": "costos.lubricantefluidoshidro", "fields": {"periodo": 1, "monto_mes": 440.320866738895, "monto_hora": 3.47, "familia_equipo": 136}, "pk": 25}, {"model": "costos.lubricantefluidoshidro", "fields": {"periodo": 1, "monto_mes": 452.449490790899, "monto_hora": 3.57, "familia_equipo": 32}, "pk": 26}, {"model": "costos.trenrodaje", "fields": {"periodo": 2, "monto_mes": 10744.0, "monto_hora": 89.53, "familia_equipo": 2}, "pk": 1}, {"model": "costos.trenrodaje", "fields": {"periodo": 2, "monto_mes": 2609.0, "monto_hora": 21.74, "familia_equipo": 137}, "pk": 2}, {"model": "costos.trenrodaje", "fields": {"periodo": 2, "monto_mes": 2471.0, "monto_hora": 20.59, "familia_equipo": 23}, "pk": 3}, {"model": "costos.trenrodaje", "fields": {"periodo": 2, "monto_mes": 943.0, "monto_hora": 7.86, "familia_equipo": 133}, "pk": 4}, {"model": "costos.trenrodaje", "fields": {"periodo": 2, "monto_mes": 243.0, "monto_hora": 2.03, "familia_equipo": 134}, "pk": 5}, {"model": "costos.trenrodaje", "fields": {"periodo": 2, "monto_mes": 2691.0, "monto_hora": 22.43, "familia_equipo": 9}, "pk": 6}, {"model": "costos.trenrodaje", "fields": {"periodo": 2, "monto_mes": 0.0, "monto_hora": 0.0, "familia_equipo": 135}, "pk": 7}, {"model": "costos.trenrodaje", "fields": {"periodo": 2, "monto_mes": 5674.0, "monto_hora": 47.28, "familia_equipo": 25}, "pk": 8}, {"model": "costos.trenrodaje", "fields": {"periodo": 2, "monto_mes": 10212.0, "monto_hora": 85.1, "familia_equipo": 131}, "pk": 9}, {"model": "costos.trenrodaje", "fields": {"periodo": 2, "monto_mes": 4728.0, "monto_hora": 39.4, "familia_equipo": 130}, "pk": 10}, {"model": "costos.trenrodaje", "fields": {"periodo": 2, "monto_mes": 2837.0, "monto_hora": 23.64, "familia_equipo": 54}, "pk": 11}, {"model": "costos.trenrodaje", "fields": {"periodo": 2, "monto_mes": 307.0, "monto_hora": 2.56, "familia_equipo": 132}, "pk": 12}, {"model": "costos.trenrodaje", "fields": {"periodo": 2, "monto_mes": 307.0, "monto_hora": 2.56, "familia_equipo": 64}, "pk": 13}, {"model": "costos.trenrodaje", "fields": {"periodo": 2, "monto_mes": 460.0, "monto_hora": 3.84, "familia_equipo": 32}, "pk": 14}, {"model": "costos.trenrodaje", "fields": {"periodo": 1, "monto_mes": 11360.9360780065, "monto_hora": 89.53, "familia_equipo": 2}, "pk": 15}, {"model": "costos.trenrodaje", "fields": {"periodo": 1, "monto_mes": 2758.81256771398, "monto_hora": 21.74, "familia_equipo": 137}, "pk": 16}, {"model": "costos.trenrodaje", "fields": {"periodo": 1, "monto_mes": 2612.88840736728, "monto_hora": 20.59, "familia_equipo": 23}, "pk": 17}, {"model": "costos.trenrodaje", "fields": {"periodo": 1, "monto_mes": 997.148429035753, "monto_hora": 7.86, "familia_equipo": 133}, "pk": 18}, {"model": "costos.trenrodaje", "fields": {"periodo": 1, "monto_mes": 256.953412784399, "monto_hora": 2.03, "familia_equipo": 134}, "pk": 19}, {"model": "costos.trenrodaje", "fields": {"periodo": 1, "monto_mes": 2845.52112676056, "monto_hora": 22.43, "familia_equipo": 9}, "pk": 20}, {"model": "costos.trenrodaje", "fields": {"periodo": 1, "monto_mes": 0.0, "monto_hora": 0.0, "familia_equipo": 135}, "pk": 21}, {"model": "costos.trenrodaje", "fields": {"periodo": 1, "monto_mes": 5999.80931744312, "monto_hora": 47.28, "familia_equipo": 25}, "pk": 22}, {"model": "costos.trenrodaje", "fields": {"periodo": 1, "monto_mes": 10798.3878656555, "monto_hora": 85.1, "familia_equipo": 131}, "pk": 23}, {"model": "costos.trenrodaje", "fields": {"periodo": 1, "monto_mes": 4999.488624052, "monto_hora": 39.4, "familia_equipo": 130}, "pk": 24}, {"model": "costos.trenrodaje", "fields": {"periodo": 1, "monto_mes": 2999.90465872156, "monto_hora": 23.64, "familia_equipo": 54}, "pk": 25}, {"model": "costos.trenrodaje", "fields": {"periodo": 1, "monto_mes": 324.628385698808, "monto_hora": 2.56, "familia_equipo": 132}, "pk": 26}, {"model": "costos.trenrodaje", "fields": {"periodo": 1, "monto_mes": 324.628385698808, "monto_hora": 2.56, "familia_equipo": 64}, "pk": 27}, {"model": "costos.trenrodaje", "fields": {"periodo": 1, "monto_mes": 486.413867822318, "monto_hora": 3.84, "familia_equipo": 32}, "pk": 28}, {"model": "costos.reservereparaciones", "fields": {"periodo": 2, "monto_mes": 8528.52, "monto_hora": 71.07, "familia_equipo": 2}, "pk": 1}, {"model": "costos.reservereparaciones", "fields": {"periodo": 2, "monto_mes": 4984.2, "monto_hora": 41.54, "familia_equipo": 137}, "pk": 2}, {"model": "costos.reservereparaciones", "fields": {"periodo": 2, "monto_mes": 5538.0, "monto_hora": 46.15, "familia_equipo": 23}, "pk": 3}, {"model": "costos.reservereparaciones", "fields": {"periodo": 2, "monto_mes": 6091.8, "monto_hora": 50.77, "familia_equipo": 134}, "pk": 4}, {"model": "costos.reservereparaciones", "fields": {"periodo": 2, "monto_mes": 3544.32, "monto_hora": 29.54, "familia_equipo": 9}, "pk": 5}, {"model": "costos.reservereparaciones", "fields": {"periodo": 2, "monto_mes": 4430.4, "monto_hora": 36.92, "familia_equipo": 135}, "pk": 6}, {"model": "costos.reservereparaciones", "fields": {"periodo": 2, "monto_mes": 5538.0, "monto_hora": 46.15, "familia_equipo": 25}, "pk": 7}, {"model": "costos.reservereparaciones", "fields": {"periodo": 2, "monto_mes": 5538.0, "monto_hora": 46.15, "familia_equipo": 129}, "pk": 8}, {"model": "costos.reservereparaciones", "fields": {"periodo": 2, "monto_mes": 5538.0, "monto_hora": 46.15, "familia_equipo": 130}, "pk": 9}, {"model": "costos.reservereparaciones", "fields": {"periodo": 2, "monto_mes": 5538.0, "monto_hora": 46.15, "familia_equipo": 54}, "pk": 10}, {"model": "costos.reservereparaciones", "fields": {"periodo": 2, "monto_mes": 0.0, "monto_hora": 0.0, "familia_equipo": 132}, "pk": 11}, {"model": "costos.reservereparaciones", "fields": {"periodo": 2, "monto_mes": 0.0, "monto_hora": 0.0, "familia_equipo": 136}, "pk": 12}, {"model": "costos.reservereparaciones", "fields": {"periodo": 2, "monto_mes": 0.0, "monto_hora": 0.0, "familia_equipo": 32}, "pk": 13}, {"model": "costos.reservereparaciones", "fields": {"periodo": 1, "monto_mes": 9018.24, "monto_hora": 71.07, "familia_equipo": 2}, "pk": 14}, {"model": "costos.reservereparaciones", "fields": {"periodo": 1, "monto_mes": 5270.4, "monto_hora": 41.54, "familia_equipo": 137}, "pk": 15}, {"model": "costos.reservereparaciones", "fields": {"periodo": 1, "monto_mes": 5856.0, "monto_hora": 46.15, "familia_equipo": 23}, "pk": 16}, {"model": "costos.reservereparaciones", "fields": {"periodo": 1, "monto_mes": 6441.6, "monto_hora": 50.77, "familia_equipo": 134}, "pk": 17}, {"model": "costos.reservereparaciones", "fields": {"periodo": 1, "monto_mes": 3747.84, "monto_hora": 29.54, "familia_equipo": 9}, "pk": 18}, {"model": "costos.reservereparaciones", "fields": {"periodo": 1, "monto_mes": 4684.8, "monto_hora": 36.92, "familia_equipo": 135}, "pk": 19}, {"model": "costos.reservereparaciones", "fields": {"periodo": 1, "monto_mes": 5856.0, "monto_hora": 46.15, "familia_equipo": 25}, "pk": 20}, {"model": "costos.reservereparaciones", "fields": {"periodo": 1, "monto_mes": 5856.0, "monto_hora": 46.15, "familia_equipo": 129}, "pk": 21}, {"model": "costos.reservereparaciones", "fields": {"periodo": 1, "monto_mes": 5856.0, "monto_hora": 46.15, "familia_equipo": 130}, "pk": 22}, {"model": "costos.reservereparaciones", "fields": {"periodo": 1, "monto_mes": 5856.0, "monto_hora": 46.15, "familia_equipo": 54}, "pk": 23}, {"model": "costos.reservereparaciones", "fields": {"periodo": 1, "monto_mes": 0.0, "monto_hora": 0.0, "familia_equipo": 132}, "pk": 24}, {"model": "costos.reservereparaciones", "fields": {"periodo": 1, "monto_mes": 0.0, "monto_hora": 0.0, "familia_equipo": 136}, "pk": 25}, {"model": "costos.reservereparaciones", "fields": {"periodo": 1, "monto_mes": 0.0, "monto_hora": 0.0, "familia_equipo": 32}, "pk": 26}, {"model": "costos.costoposesion", "fields": {"periodo": 2, "monto_mes": 47090.0, "monto_a\u00f1o": 565084.0, "monto_hora": 392.42, "familia_equipo": 2}, "pk": 1}, {"model": "costos.costoposesion", "fields": {"periodo": 2, "monto_mes": 20545.73, "monto_a\u00f1o": 246548.72, "monto_hora": 171.21, "familia_equipo": 137}, "pk": 2}, {"model": "costos.costoposesion", "fields": {"periodo": 2, "monto_mes": 25235.09, "monto_a\u00f1o": 302821.08, "monto_hora": 210.29, "familia_equipo": 23}, "pk": 3}, {"model": "costos.costoposesion", "fields": {"periodo": 2, "monto_mes": 7551.23, "monto_a\u00f1o": 90614.7, "monto_hora": 62.93, "familia_equipo": 134}, "pk": 4}, {"model": "costos.costoposesion", "fields": {"periodo": 2, "monto_mes": 19041.88, "monto_a\u00f1o": 228502.59, "monto_hora": 158.68, "familia_equipo": 9}, "pk": 5}, {"model": "costos.costoposesion", "fields": {"periodo": 2, "monto_mes": 9492.6, "monto_a\u00f1o": 113911.2, "monto_hora": 79.11, "familia_equipo": 135}, "pk": 6}, {"model": "costos.costoposesion", "fields": {"periodo": 2, "monto_mes": 12744.34, "monto_a\u00f1o": 152932.09, "monto_hora": 106.2, "familia_equipo": 25}, "pk": 7}, {"model": "costos.costoposesion", "fields": {"periodo": 2, "monto_mes": 14370.82, "monto_a\u00f1o": 172449.89, "monto_hora": 119.76, "familia_equipo": 129}, "pk": 8}, {"model": "costos.costoposesion", "fields": {"periodo": 2, "monto_mes": 11431.37, "monto_a\u00f1o": 137176.48, "monto_hora": 95.26, "familia_equipo": 130}, "pk": 9}, {"model": "costos.costoposesion", "fields": {"periodo": 2, "monto_mes": 15334.33, "monto_a\u00f1o": 184011.96, "monto_hora": 127.79, "familia_equipo": 54}, "pk": 10}, {"model": "costos.costoposesion", "fields": {"periodo": 2, "monto_mes": 3953.93, "monto_a\u00f1o": 47447.18, "monto_hora": 32.95, "familia_equipo": 132}, "pk": 11}, {"model": "costos.costoposesion", "fields": {"periodo": 2, "monto_mes": 4324.83, "monto_a\u00f1o": 51897.96, "monto_hora": 36.04, "familia_equipo": 64}, "pk": 12}, {"model": "costos.costoposesion", "fields": {"periodo": 2, "monto_mes": 7365.33, "monto_a\u00f1o": 88383.99, "monto_hora": 61.38, "familia_equipo": 32}, "pk": 13}, {"model": "costos.costoposesion", "fields": {"periodo": 1, "monto_mes": 49793.9761646804, "monto_a\u00f1o": 565084.0, "monto_hora": 392.42, "familia_equipo": 2}, "pk": 14}, {"model": "costos.costoposesion", "fields": {"periodo": 1, "monto_mes": 21725.4956446371, "monto_a\u00f1o": 246548.72, "monto_hora": 171.21, "familia_equipo": 137}, "pk": 15}, {"model": "costos.costoposesion", "fields": {"periodo": 1, "monto_mes": 26684.125503792, "monto_a\u00f1o": 302821.08, "monto_hora": 210.29, "familia_equipo": 23}, "pk": 16}, {"model": "costos.costoposesion", "fields": {"periodo": 1, "monto_mes": 7984.83258938245, "monto_a\u00f1o": 90614.7, "monto_hora": 62.93, "familia_equipo": 134}, "pk": 17}, {"model": "costos.costoposesion", "fields": {"periodo": 1, "monto_mes": 20135.2923943662, "monto_a\u00f1o": 228502.59, "monto_hora": 158.68, "familia_equipo": 9}, "pk": 18}, {"model": "costos.costoposesion", "fields": {"periodo": 1, "monto_mes": 10037.6788732394, "monto_a\u00f1o": 113911.2, "monto_hora": 79.11, "familia_equipo": 135}, "pk": 19}, {"model": "costos.costoposesion", "fields": {"periodo": 1, "monto_mes": 13476.1385048754, "monto_a\u00f1o": 152932.09, "monto_hora": 106.2, "familia_equipo": 25}, "pk": 20}, {"model": "costos.costoposesion", "fields": {"periodo": 1, "monto_mes": 15196.013347779, "monto_a\u00f1o": 172449.89, "monto_hora": 119.76, "familia_equipo": 129}, "pk": 21}, {"model": "costos.costoposesion", "fields": {"periodo": 1, "monto_mes": 12087.7758613218, "monto_a\u00f1o": 137176.48, "monto_hora": 95.26, "familia_equipo": 130}, "pk": 22}, {"model": "costos.costoposesion", "fields": {"periodo": 1, "monto_mes": 16214.8494907909, "monto_a\u00f1o": 184011.96, "monto_hora": 127.79, "familia_equipo": 54}, "pk": 23}, {"model": "costos.costoposesion", "fields": {"periodo": 1, "monto_mes": 4180.97040086674, "monto_a\u00f1o": 47447.18, "monto_hora": 32.95, "familia_equipo": 132}, "pk": 24}, {"model": "costos.costoposesion", "fields": {"periodo": 1, "monto_mes": 4573.16801733478, "monto_a\u00f1o": 51897.96, "monto_hora": 36.04, "familia_equipo": 64}, "pk": 25}, {"model": "costos.costoposesion", "fields": {"periodo": 1, "monto_mes": 7788.25794149513, "monto_a\u00f1o": 88383.99, "monto_hora": 61.38, "familia_equipo": 32}, "pk": 26}, {"model": "costos.materialestotal", "fields": {"periodo": 2, "monto": 126816.75, "obra": 7}, "pk": 3}, {"model": "costos.materialestotal", "fields": {"periodo": 2, "monto": 137332.2, "obra": 8}, "pk": 4}, {"model": "costos.materialestotal", "fields": {"periodo": 2, "monto": 404196.51, "obra": 57}, "pk": 5}, {"model": "costos.materialestotal", "fields": {"periodo": 2, "monto": 136301.79, "obra": 10}, "pk": 6}, {"model": "costos.materialestotal", "fields": {"periodo": 2, "monto": 86552.43, "obra": 9}, "pk": 7}, {"model": "costos.materialestotal", "fields": {"periodo": 2, "monto": 7197.0, "obra": 50}, "pk": 8}, {"model": "costos.materialestotal", "fields": {"periodo": 2, "monto": 131691.21, "obra": 5}, "pk": 9}, {"model": "costos.materialestotal", "fields": {"periodo": 1, "monto": 134098.751895991, "obra": 7}, "pk": 10}, {"model": "costos.materialestotal", "fields": {"periodo": 1, "monto": 145218.014301192, "obra": 8}, "pk": 11}, {"model": "costos.materialestotal", "fields": {"periodo": 1, "monto": 427406.060411701, "obra": 57}, "pk": 12}, {"model": "costos.materialestotal", "fields": {"periodo": 1, "monto": 144128.436663055, "obra": 10}, "pk": 13}, {"model": "costos.materialestotal", "fields": {"periodo": 1, "monto": 91522.3961863489, "obra": 9}, "pk": 14}, {"model": "costos.materialestotal", "fields": {"periodo": 1, "monto": 7610.26218851571, "obra": 50}, "pk": 15}, {"model": "costos.materialestotal", "fields": {"periodo": 1, "monto": 139253.110465872, "obra": 5}, "pk": 16}, {"model": "costos.materialestotal", "fields": {"periodo": 3, "monto": 282075.3, "obra": 10}, "pk": 17}, {"model": "costos.materialestotal", "fields": {"periodo": 3, "monto": 354289.65, "obra": 8}, "pk": 18}, {"model": "costos.materialestotal", "fields": {"periodo": 3, "monto": 136511.72, "obra": 57}, "pk": 19}, {"model": "costos.materialestotal", "fields": {"periodo": 3, "monto": 154888.8, "obra": 65}, "pk": 20}, {"model": "costos.materialestotal", "fields": {"periodo": 3, "monto": 18264.0, "obra": 9}, "pk": 21}, {"model": "costos.materialestotal", "fields": {"periodo": 3, "monto": 18264.0, "obra": 5}, "pk": 22}, {"model": "costos.materialestotal", "fields": {"periodo": 3, "monto": 107054.3, "obra": 7}, "pk": 23}, {"model": "costos.costoparametro", "fields": {"periodo": 1, "pesos_usd": 9.76, "dias_mes": 20, "precio_go": 13.5, "horas_dia": 6, "horas_a\u00f1o": 1440}, "pk": 6}, {"model": "costos.costoparametro", "fields": {"periodo": 2, "pesos_usd": 9.23, "dias_mes": 20, "precio_go": 13.03, "horas_dia": 6, "horas_a\u00f1o": 1440}, "pk": 7}, {"model": "costos.costoparametro", "fields": {"periodo": 3, "pesos_usd": 13.95, "dias_mes": 20, "precio_go": 14.0, "horas_dia": 6, "horas_a\u00f1o": 1440}, "pk": 8}, {"model": "costos.servicioprestadoun", "fields": {"periodo": 2, "monto": 500000.0, "obra": 8}, "pk": 1}, {"model": "costos.servicioprestadoun", "fields": {"periodo": 1, "monto": 528710.725893824, "obra": 8}, "pk": 2}]